variable,importancia,desviacion
promedio_ventas_4_semanas,30.20455888349388,0.9040615079572519
inventario_inicial,17.760851866920824,0.4755683396676734
variabilidad_4_semanas,5.039321709864905,0.4503095331368667
ventas_semana_anterior,0.9506870949280781,0.24015007098101152
producto_id,0.2950166329642457,0.10584654625583949
semana_anio,0.2727843982698047,0.20687924942565647
ventas_hace_4_semanas,0.22251991152058964,0.04752682542648393
ventas_hace_2_semanas,0.21139528240718305,0.037819396183125624
sucursal_id,0.20002494232814313,0.08432585181945836
precio,0.19416155815615924,0.1932343605477233
promocion,0.19397536506018298,0.029130007012879405
tendencia_reciente,-0.016621298713451436,0.02260633885708911
categoria,-0.01749819048895489,0.05449798639008125
inventario_sobre_promedio,-0.05460173725033712,0.0587153186251173
mes,-0.06651223819148555,0.059311891818065676
