semana,sucursal_id,producto_id,inventario_inicial,inventario_cierre,venta_prevista_4_semanas,brecha_estimada,requiere_revision,estado
2025-11-24,SUC-03,PROD-001,341.0,249.0,277.7525161009011,28.75251610090112,True,revisar_cobertura
2025-11-24,SUC-04,PROD-001,198.0,146.0,275.1471115513458,129.1471115513458,True,revisar_cobertura
2025-11-24,SUC-04,PROD-019,374.0,287.0,343.77902192478416,56.77902192478416,True,revisar_cobertura
2025-11-24,SUC-05,PROD-002,298.0,206.0,340.0885235072948,134.08852350729478,True,revisar_cobertura
2025-11-24,SUC-02,PROD-003,206.0,151.0,230.85057059790353,79.85057059790353,True,revisar_cobertura
2025-11-24,SUC-04,PROD-003,241.0,176.0,317.4676557606338,141.46765576063382,True,revisar_cobertura
2025-11-24,SUC-05,PROD-001,252.0,170.0,333.49047864934636,163.49047864934636,True,revisar_cobertura
2025-11-24,SUC-04,PROD-020,309.0,212.0,405.6190810493973,193.61908104939732,True,revisar_cobertura
2025-11-24,SUC-01,PROD-002,252.0,215.0,227.9773562668884,12.977356266888393,True,revisar_cobertura
2025-11-24,SUC-02,PROD-020,,,271.5688012288624,,True,inventario_no_disponible
2025-11-24,SUC-02,PROD-001,135.0,95.0,178.02824926516843,83.02824926516843,True,revisar_cobertura
2025-11-24,SUC-03,PROD-002,226.0,158.0,296.07739081264737,138.07739081264737,True,revisar_cobertura
2025-11-24,SUC-05,PROD-019,296.0,165.0,449.4846355624654,284.4846355624654,True,revisar_cobertura
2025-11-24,SUC-04,PROD-002,274.0,206.0,301.28138866037375,95.28138866037375,True,revisar_cobertura
2025-11-24,SUC-01,PROD-020,358.0,306.0,351.23833299255784,45.238332992557844,True,revisar_cobertura
2025-11-24,SUC-01,PROD-003,121.0,75.0,187.2634922057217,112.26349220572169,True,revisar_cobertura
2025-11-24,SUC-01,PROD-001,121.0,73.0,154.19686475411132,81.19686475411132,True,revisar_cobertura
2025-11-24,SUC-03,PROD-020,355.0,247.0,395.5626853596469,148.56268535964688,True,revisar_cobertura
2025-11-24,SUC-02,PROD-002,188.0,124.0,187.68053621652103,63.680536216521034,True,revisar_cobertura
2025-11-24,SUC-05,PROD-014,191.0,136.0,189.99465969699963,53.99465969699963,True,revisar_cobertura
2025-11-24,SUC-01,PROD-004,67.0,48.0,77.64242748386513,29.642427483865134,True,revisar_cobertura
2025-11-24,SUC-05,PROD-011,0.0,0.0,227.176857095791,227.176857095791,True,revisar_cobertura
2025-11-24,SUC-04,PROD-011,197.0,133.0,275.86097899261335,142.86097899261335,True,revisar_cobertura
2025-11-24,SUC-02,PROD-016,113.0,66.0,156.59220018897224,90.59220018897224,True,revisar_cobertura
2025-11-24,SUC-03,PROD-016,156.0,117.0,196.8446184730302,79.84461847303021,True,revisar_cobertura
2025-11-24,SUC-03,PROD-011,225.0,160.0,247.51123807864255,87.51123807864255,True,revisar_cobertura
2025-11-24,SUC-02,PROD-011,31.0,0.0,187.83211957123265,187.83211957123265,True,revisar_cobertura
2025-11-24,SUC-04,PROD-016,163.0,92.0,248.64799605269437,156.64799605269437,True,revisar_cobertura
2025-11-24,SUC-01,PROD-011,0.0,0.0,122.70580446940983,122.70580446940983,True,revisar_cobertura
2025-11-24,SUC-05,PROD-010,527.0,418.0,428.5666764632425,10.566676463242516,True,revisar_cobertura
2025-11-24,SUC-04,PROD-010,264.0,167.0,339.10955878317884,172.10955878317884,True,revisar_cobertura
2025-11-24,SUC-05,PROD-016,232.0,179.0,313.5321470552869,134.53214705528688,True,revisar_cobertura
2025-11-24,SUC-03,PROD-010,231.0,133.0,327.1938981143553,194.1938981143553,True,revisar_cobertura
2025-11-24,SUC-02,PROD-010,365.0,273.0,326.3511812844878,53.35118128448778,True,revisar_cobertura
2025-11-24,SUC-01,PROD-017,104.0,74.0,107.22845517853612,33.22845517853612,True,revisar_cobertura
2025-11-24,SUC-01,PROD-010,195.0,134.0,213.78042321919565,79.78042321919565,True,revisar_cobertura
2025-11-24,SUC-01,PROD-012,192.0,150.0,286.1679109794716,136.16791097947163,True,revisar_cobertura
2025-11-24,SUC-05,PROD-009,58.0,47.0,92.89064250438244,45.89064250438244,True,revisar_cobertura
2025-11-24,SUC-02,PROD-012,407.0,290.0,380.94557293265717,90.94557293265717,True,revisar_cobertura
2025-11-24,SUC-03,PROD-012,,,379.1248399370235,,True,inventario_no_disponible
2025-11-24,SUC-04,PROD-014,7.0,0.0,116.40464350790819,116.40464350790819,True,revisar_cobertura
2025-11-24,SUC-03,PROD-014,23.0,0.0,126.2080354142044,126.2080354142044,True,revisar_cobertura
2025-11-24,SUC-01,PROD-015,95.0,72.0,121.58076287213245,49.58076287213245,True,revisar_cobertura
2025-11-24,SUC-02,PROD-014,95.0,63.0,116.8817221487663,53.8817221487663,True,revisar_cobertura
2025-11-24,SUC-01,PROD-014,67.0,45.0,86.25518848647908,41.255188486479085,True,revisar_cobertura
2025-11-24,SUC-05,PROD-013,237.0,183.0,289.5612986346445,106.56129863464452,True,revisar_cobertura
2025-11-24,SUC-02,PROD-015,155.0,130.0,172.25389235084097,42.25389235084097,True,revisar_cobertura
2025-11-24,SUC-04,PROD-013,158.0,106.0,255.2606810984134,149.2606810984134,True,revisar_cobertura
2025-11-24,SUC-03,PROD-013,177.0,120.0,185.44291607684264,65.44291607684264,True,revisar_cobertura
2025-11-24,SUC-03,PROD-015,0.0,0.0,170.68233933590204,170.68233933590204,True,revisar_cobertura
2025-11-24,SUC-02,PROD-013,138.0,82.0,172.99265531418467,90.99265531418467,True,revisar_cobertura
2025-11-24,SUC-01,PROD-013,103.0,72.0,138.00968102235177,66.00968102235177,True,revisar_cobertura
2025-11-24,SUC-04,PROD-015,222.0,172.0,234.79273170346738,62.79273170346738,True,revisar_cobertura
2025-11-24,SUC-05,PROD-012,510.0,320.0,387.2926707781957,67.29267077819571,True,revisar_cobertura
2025-11-24,SUC-04,PROD-012,344.0,236.0,497.20123357198355,261.20123357198355,True,revisar_cobertura
2025-11-24,SUC-05,PROD-015,239.0,181.0,315.90654542461897,134.90654542461897,True,revisar_cobertura
2025-11-24,SUC-04,PROD-009,62.0,45.0,70.27044543504026,25.27044543504026,True,revisar_cobertura
2025-11-24,SUC-02,PROD-017,100.0,80.0,130.99662560906864,50.996625609068644,True,revisar_cobertura
2025-11-24,SUC-03,PROD-009,43.0,33.0,55.684480311627354,22.684480311627354,True,revisar_cobertura
2025-11-24,SUC-02,PROD-006,121.0,86.0,133.40833357013926,47.40833357013926,True,revisar_cobertura
2025-11-24,SUC-04,PROD-018,130.0,84.0,133.88859262728727,49.88859262728727,True,revisar_cobertura
2025-11-24,SUC-01,PROD-006,100.0,76.0,119.94767652772073,43.94767652772073,True,revisar_cobertura
2025-11-24,SUC-05,PROD-005,182.0,106.0,260.21835887532933,154.21835887532933,True,revisar_cobertura
2025-11-24,SUC-05,PROD-018,130.0,90.0,143.51913024557135,53.51913024557135,True,revisar_cobertura
2025-11-24,SUC-04,PROD-005,206.0,162.0,223.7684024920299,61.76840249202991,True,revisar_cobertura
2025-11-24,SUC-03,PROD-005,179.0,140.0,181.40503578882996,41.40503578882996,True,revisar_cobertura
2025-11-24,SUC-01,PROD-019,51.0,17.0,281.84446407097363,264.84446407097363,True,revisar_cobertura
2025-11-24,SUC-02,PROD-005,149.0,105.0,168.02544797685982,63.02544797685982,True,revisar_cobertura
2025-11-24,SUC-01,PROD-005,135.0,109.0,142.1453568226006,33.145356822600604,True,revisar_cobertura
2025-11-24,SUC-02,PROD-019,288.0,260.0,342.0962933207859,82.09629332078589,True,revisar_cobertura
2025-11-24,SUC-05,PROD-004,49.0,1.0,218.7300331752011,217.7300331752011,True,revisar_cobertura
2025-11-24,SUC-04,PROD-004,114.0,90.0,133.9988542866376,43.998854286637595,True,revisar_cobertura
2025-11-24,SUC-03,PROD-004,129.0,93.0,159.62931353288673,66.62931353288673,True,revisar_cobertura
2025-11-24,SUC-03,PROD-019,342.0,241.0,406.3233251747682,165.32332517476817,True,revisar_cobertura
2025-11-24,SUC-04,PROD-006,161.0,104.0,183.13014678866875,79.13014678866875,True,revisar_cobertura
2025-11-24,SUC-05,PROD-006,121.0,67.0,174.50261490902375,107.50261490902375,True,revisar_cobertura
2025-11-24,SUC-03,PROD-018,114.0,78.0,129.68527516601046,51.685275166010456,True,revisar_cobertura
2025-11-24,SUC-01,PROD-007,113.0,65.0,150.770921577677,85.770921577677,True,revisar_cobertura
2025-11-24,SUC-02,PROD-009,79.0,57.0,78.1214941946598,21.121494194659803,True,revisar_cobertura
2025-11-24,SUC-03,PROD-017,170.0,127.0,167.06403343020645,40.06403343020645,True,revisar_cobertura
2025-11-24,SUC-01,PROD-009,42.0,32.0,42.98050924538427,10.980509245384269,True,revisar_cobertura
2025-11-24,SUC-05,PROD-008,257.0,180.0,316.9731877272769,136.97318772727692,True,revisar_cobertura
2025-11-24,SUC-04,PROD-017,160.0,125.0,179.22351131820247,54.22351131820247,True,revisar_cobertura
2025-11-24,SUC-04,PROD-008,353.0,268.0,287.45311943547523,19.45311943547523,True,revisar_cobertura
2025-11-24,SUC-03,PROD-008,177.0,126.0,201.90057486507888,75.90057486507888,True,revisar_cobertura
2025-11-24,SUC-05,PROD-003,224.0,142.0,307.74301694819343,165.74301694819343,True,revisar_cobertura
2025-11-24,SUC-02,PROD-008,114.0,72.0,174.08793298368295,102.08793298368295,True,revisar_cobertura
2025-11-24,SUC-01,PROD-008,186.0,154.0,174.47853585229132,20.478535852291316,True,revisar_cobertura
2025-11-24,SUC-05,PROD-007,327.0,255.0,342.3743296670362,87.37432966703619,True,revisar_cobertura
2025-11-24,SUC-01,PROD-018,59.0,36.0,76.62018804670271,40.62018804670271,True,revisar_cobertura
2025-11-24,SUC-04,PROD-007,174.0,108.0,230.35857778039247,122.35857778039247,True,revisar_cobertura
2025-11-24,SUC-03,PROD-007,158.0,94.0,274.66035612137534,180.66035612137534,True,revisar_cobertura
2025-11-24,SUC-02,PROD-018,88.0,68.0,90.31111091918056,22.311110919180564,True,revisar_cobertura
2025-11-24,SUC-02,PROD-007,281.0,228.0,262.19723583682264,34.19723583682264,True,revisar_cobertura
2025-11-24,SUC-05,PROD-017,207.0,148.0,208.83736117069208,60.83736117069208,True,revisar_cobertura
2025-11-24,SUC-05,PROD-020,329.0,225.0,475.43094611815195,250.43094611815195,True,revisar_cobertura
