variable,coeficiente
numeric__precio,-2.7259312746001827
numeric__promocion,0.467315333792004
numeric__inventario_inicial,28.775172320195068
numeric__ventas_semana_anterior,12.191785850942114
numeric__ventas_hace_2_semanas,8.174012902915335
numeric__ventas_hace_4_semanas,11.630916350349292
numeric__promedio_ventas_4_semanas,0.5354075078428222
numeric__variabilidad_4_semanas,12.453418590030449
numeric__tendencia_reciente,0.606189376294429
numeric__mes,3.3423751549497376
numeric__semana_anio,-3.411754654698056
numeric__inventario_sobre_promedio,1.9737348429475845
categorical__sucursal_id_SUC-01,-24.699881535556422
categorical__sucursal_id_SUC-02,-13.576295893022854
categorical__sucursal_id_SUC-03,-0.7439013538059526
categorical__sucursal_id_SUC-04,17.754514109074556
categorical__sucursal_id_SUC-05,21.265564673312912
categorical__producto_id_PROD-001,22.35194036574628
categorical__producto_id_PROD-002,16.814496682048865
categorical__producto_id_PROD-003,5.037080430592533
categorical__producto_id_PROD-004,-42.96918641910921
categorical__producto_id_PROD-005,18.59596172400443
categorical__producto_id_PROD-006,-14.84168616481163
categorical__producto_id_PROD-007,-9.062668044739462
categorical__producto_id_PROD-008,-14.204768766409577
categorical__producto_id_PROD-009,-53.60845170969444
categorical__producto_id_PROD-010,44.28960030987256
categorical__producto_id_PROD-011,-6.610543778154131
categorical__producto_id_PROD-012,43.29904600505861
categorical__producto_id_PROD-013,31.746913693008036
categorical__producto_id_PROD-014,-17.07242863047707
categorical__producto_id_PROD-015,-16.77346220221369
categorical__producto_id_PROD-016,-17.115174312495984
categorical__producto_id_PROD-017,-13.798428135182506
categorical__producto_id_PROD-018,-34.30670629871776
categorical__producto_id_PROD-019,32.111614747862845
categorical__producto_id_PROD-020,26.116850503812405
categorical__categoria_Accesorios,-5.1167241020855725
categorical__categoria_Decoración,4.702021153348631
categorical__categoria_Herramientas,-4.873232989143972
categorical__categoria_Iluminación,5.287935937881348
