segmento,valor,n,mae,rmse,wape,r2
global,todos,1139,38.98457748055282,58.289390311166144,0.20140077810139864,0.6894589700522274
sucursal_id,SUC-01,215,28.65439788477643,46.0196906750496,0.2235537972721871,0.40708380805219535
sucursal_id,SUC-02,227,29.00292187481021,40.923218685992985,0.1776008434200679,0.7298866682886496
sucursal_id,SUC-03,217,42.95047695846496,59.2611715889573,0.21917115814196111,0.6565252547214468
sucursal_id,SUC-04,240,35.90483520111675,50.87062518605664,0.16620685198989352,0.7246616049673483
sucursal_id,SUC-05,240,57.17358746369123,82.94782029978862,0.22321080442603206,0.5442045516469054
categoria,Accesorios,285,32.35830076818447,45.63395554923325,0.19729826962758493,0.7756747311375293
categoria,Decoración,281,47.17762318391469,66.13452550133181,0.21779057195137225,0.46456140094537135
categoria,Herramientas,282,50.07812753936377,75.89674043035069,0.21426235724625373,0.6608108455781695
categoria,Iluminación,291,26.812281617307473,38.12560620722783,0.16618120914648196,0.7316851242919209
producto_id,PROD-001,60,29.417070219798216,42.8354872103512,0.13579198439666817,0.6077697196079042
producto_id,PROD-002,60,48.37048531521248,61.722564348837864,0.22989774389359544,0.4813456915168828
producto_id,PROD-003,52,36.73164867864247,45.875052160377756,0.15747759347756685,0.5155420179917869
producto_id,PROD-004,56,23.977905561340954,36.28365685655541,0.21876225341073532,-0.14433529813489576
producto_id,PROD-005,60,28.92405289443047,37.9799753619628,0.16043664358563633,0.28087127867046247
producto_id,PROD-006,54,19.61803303279989,25.405404730652496,0.15519686255071696,0.4908114219975481
producto_id,PROD-007,60,35.28179649350843,45.95234939926596,0.1651769498759758,0.4457752634323474
producto_id,PROD-008,60,42.0718133605852,58.62426835945317,0.23565242733710903,0.4560797470365955
producto_id,PROD-009,51,14.587104213667617,19.502245552779875,0.2542523290830651,0.20917813572687127
producto_id,PROD-010,60,42.23143865452851,56.011217269612885,0.1550915852167775,0.6684470853286586
producto_id,PROD-011,49,43.05935202748027,62.63526595184687,0.22978743730630946,-0.15927776654289816
producto_id,PROD-012,60,84.2675805033743,121.96492676038125,0.23104943701514682,-0.1596914713805786
producto_id,PROD-013,60,21.519164618381698,28.23263634371041,0.110524728394359,0.6945278358988667
producto_id,PROD-014,51,34.62851380961205,47.42862351987172,0.3294262645570257,0.06153286630348076
producto_id,PROD-015,60,34.24178293383567,52.67758165118086,0.22679180660449721,0.27725903205453717
producto_id,PROD-016,46,32.28271005653221,41.62237634044585,0.1793267313851566,0.6148851531953261
producto_id,PROD-017,60,37.78023952971338,51.49804630976122,0.2658084394679646,-0.06664385902312842
producto_id,PROD-018,60,16.009538211445122,21.25557104720353,0.1717454483616498,0.5474327179222237
producto_id,PROD-019,60,84.425722806724,102.80786544880172,0.2864478267588464,0.16917204669950348
producto_id,PROD-020,60,61.898349337124,78.76741760671,0.19654429298409398,0.513805779816076
semana,2025-09-08 00:00:00,98,37.65387080296699,53.42674077159855,0.23831563799346198,0.6012543551988963
semana,2025-09-15 00:00:00,96,42.52719966893297,60.15641233210918,0.24487830903416297,0.5754848724778999
semana,2025-09-22 00:00:00,96,31.51182720718607,44.44873156445581,0.17659868137127044,0.7719227546006967
semana,2025-09-29 00:00:00,96,35.123198257877775,50.325622731454324,0.19836610382140643,0.7028211661463509
semana,2025-10-06 00:00:00,95,38.082556320729225,52.959783956571016,0.20221579847237586,0.6914189000190192
semana,2025-10-13 00:00:00,95,30.47661996021477,47.03551181063059,0.16001320306291605,0.7458217898913724
semana,2025-10-20 00:00:00,94,38.511872617177126,60.26305633620317,0.2037550529641836,0.6390920745514963
semana,2025-10-27 00:00:00,93,44.74595349370102,61.631498639087845,0.22133789026723022,0.6334572333771842
semana,2025-11-03 00:00:00,92,33.02610174381018,42.37978700850681,0.15577551194209363,0.8398732197761067
semana,2025-11-10 00:00:00,93,39.46467627317229,55.618325745510205,0.1880907545433825,0.7420281706865065
semana,2025-11-17 00:00:00,95,51.85657001026338,86.28751979871133,0.23335579323457067,0.527971802130538
semana,2025-11-24 00:00:00,96,44.83519735798018,70.59921236535632,0.2001292112505741,0.7011910124430228
